algoritmo,tipo_caso,tamanho,tempo_segundos
timsort,crescente,100,0.04525000307088097
timsort,decrescente,100,0.4583133345780273
timsort,aleatorio,100,0.17072332945341864
timsort,crescente,500,0.3201066671560208
timsort,decrescente,500,2.2608333306076625
timsort,aleatorio,500,1.3872233413470287
timsort,crescente,1000,0.8680933271534741
timsort,decrescente,1000,4.956923347587387
timsort,aleatorio,1000,3.160623332951218
