algoritmo,tipo_caso,tamanho,tempo_segundos
timsort,crescente,100000,0.08828191000000819
timsort,decrescente,100000,0.21643962333334155
timsort,aleatorio,100000,0.17644442333331276
timsort,crescente,500000,0.5108589766666682
timsort,decrescente,500000,1.3360638666666242
timsort,aleatorio,500000,1.0828407766666488
timsort,crescente,1000000,1.1238102166666446
timsort,decrescente,1000000,2.805486406666652
timsort,aleatorio,1000000,2.3421041233333804
