algoritmo,tipo_caso,tamanho,tempo_segundos
timsort,crescente,20000,0.03651999996509403
timsort,decrescente,20000,0.08580220001749694
timsort,aleatorio,20000,0.07641769998008385
timsort,crescente,40000,0.08185249997768551
timsort,decrescente,40000,0.1838465000037104
timsort,aleatorio,40000,0.17379860003711656
timsort,crescente,60000,0.1228535000118427
timsort,decrescente,60000,0.36230340000474826
timsort,aleatorio,60000,0.29291010001907125
