Cenario,TamanhoMatriz,TempoExecucao,MemoriaBytes,Resultado
Cenario A,8,0.0004049998242408037,1192,29
Cenario B,13,0.00011550006456673145,2296,74
