algoritmo,tipo_caso,tamanho,tempo_segundos
mergesort,crescente,20000,0.049687799997627735
mergesort,decrescente,20000,0.05069459998048842
mergesort,aleatorio,20000,0.0937127000070177
mergesort,crescente,40000,0.10329080000519753
mergesort,decrescente,40000,0.10887050000019372
mergesort,aleatorio,40000,0.1756335999816656
mergesort,crescente,60000,0.15698559995507821
mergesort,decrescente,60000,0.16364959999918938
mergesort,aleatorio,60000,0.27449239999987185
