algoritmo,tipo_caso,tamanho,tempo_segundos
mergesort,crescente,100000,0.10308503333333192
mergesort,decrescente,100000,0.10292499000000438
mergesort,aleatorio,100000,0.1644597533333126
mergesort,crescente,500000,0.5602924933333497
mergesort,decrescente,500000,0.562643736666693
mergesort,aleatorio,500000,0.9456063133333752
mergesort,crescente,1000000,1.1819923766666762
mergesort,decrescente,1000000,1.1828036500000205
mergesort,aleatorio,1000000,2.1154182700000166
